Codigo;Nombre;Fk_Id_Estado
;AGUASCALIENTES;1
;ASIENTOS;1
;CALVILLO;1
;COSIO;1
;EL LLANO;1
;JESUS MARIA;1
;PABELLON DE ARTEAGA;1
;RINCON DE ROMOS;1
;SAN FRANCISCO DE LOS ROMO;1
;SAN JOSE DE GRACIA;1
;TEPEZALA;1
;ENSENADA;2
;MEXICALI;2
;PLAYAS DE ROSARITO;2
;TECATE;2
;TIJUANA;2
;COMONDU;3
;LA PAZ;3
;LORETO;3
;LOS CABOS;3
;MULEGE;3
;AHUMADA;4
;ALDAMA;4
;ALLENDE;4
;AQUILES SERDAN;4
;ASCENSION;4
;BACHINIVA;4
;BALLEZA;4
;BATOPILAS DE MANUEL GOMEZ MORIN;4
;BOCOYNA;4
;BUENAVENTURA;4
;CAMARGO;4
;CARICHI;4
;CASAS GRANDES;4
;CHIHUAHUA;4
;CHINIPAS;4
;CORONADO;4
;COYAME DEL SOTOL;4
;CUAUHTEMOC;4
;CUSIHUIRIACHI;4
;DELICIAS;4
;DR. BELISARIO DOMINGUEZ;4
;EL TULE;4
;GALEANA;4
;GOMEZ FARIAS;4
;GRAN MORELOS;4
;GUACHOCHI;4
;GUADALUPE;4
;GUADALUPE Y CALVO;4
;GUAZAPARES;4
;GUERRERO;4
;HIDALGO DEL PARRAL;4
;HUEJOTITAN;4
;IGNACIO ZARAGOZA;4
;JANOS;4
;JIMENEZ;4
;JUAREZ;4
;JULIMES;4
;LA CRUZ;4
;LOPEZ;4
;MADERA;4
;MAGUARICHI;4
;MANUEL BENAVIDES;4
;MATACHI;4
;MATAMOROS;4
;MEOQUI;4
;MORELOS;4
;MORIS;4
;NAMIQUIPA;4
;NONOAVA;4
;NUEVO CASAS GRANDES;4
;OCAMPO;4
;OJINAGA;4
;PRAXEDIS G. GUERRERO;4
;RIVA PALACIO;4
;ROSALES;4
;ROSARIO;4
;SAN FRANCISCO DE BORJA;4
;SAN FRANCISCO DE CONCHOS;4
;SAN FRANCISCO DEL ORO;4
;SANTA BARBARA;4
;SANTA ISABEL;4
;SATEVO;4
;SAUCILLO;4
;TEMOSACHIC;4
;URIQUE;4
;URUACHI;4
;VALLE DE ZARAGOZA;4
;ACACOYAGUA;5
;ACALA;5
;ACAPETAHUA;5
;ALDAMA;5
;ALTAMIRANO;5
;AMATAN;5
;AMATENANGO DE LA FRONTERA;5
;AMATENANGO DEL VALLE;5
;ANGEL ALBINO CORZO;5
;ARRIAGA;5
;BEJUCAL DE OCAMPO;5
;BELLA VISTA;5
;BENEMERITO DE LAS AMERICAS;5
;BERRIOZABAL;5
;BOCHIL;5
;CACAHOATAN;5
;CAPITAN LUIS ANGEL VIDAL;5
;CATAZAJA;5
;CHALCHIHUITAN;5
;CHAMULA;5
;CHANAL;5
;CHAPULTENANGO;5
;CHENALHO;5
;CHIAPA DE CORZO;5
;CHIAPILLA;5
;CHICOASEN;5
;CHICOMUSELO;5
;CHILON;5
;CINTALAPA;5
;COAPILLA;5
;COMITAN DE DOMINGUEZ;5
;COPAINALA;5
;EL BOSQUE;5
;EL PARRAL;5
;EL PORVENIR;5
;EMILIANO ZAPATA;5
;ESCUINTLA;5
;FRANCISCO LEON;5
;FRONTERA COMALAPA;5
;FRONTERA HIDALGO;5
;HUEHUETAN;5
;HUITIUPAN;5
;HUIXTAN;5
;HUIXTLA;5
;IXHUATAN;5
;IXTACOMITAN;5
;IXTAPA;5
;IXTAPANGAJOYA;5
;JIQUIPILAS;5
;JITOTOL;5
;JUAREZ;5
;LA CONCORDIA;5
;LA GRANDEZA;5
;LA INDEPENDENCIA;5
;LA LIBERTAD;5
;LA TRINITARIA;5
;LARRAINZAR;5
;LAS MARGARITAS;5
;LAS ROSAS;5
;MAPASTEPEC;5
;MARAVILLA TENEJAPA;5
;MARQUES DE COMILLAS;5
;MAZAPA DE MADERO;5
;MAZATAN;5
;METAPA;5
;MEZCALAPA;5
;MITONTIC;5
;MONTECRISTO DE GUERRERO;5
;MOTOZINTLA;5
;NICOLAS RUIZ;5
;OCOSINGO;5
;OCOTEPEC;5
;OCOZOCOAUTLA DE ESPINOSA;5
;OSTUACAN;5
;OSUMACINTA;5
;OXCHUC;5
;PALENQUE;5
;PANTELHO;5
;PANTEPEC;5
;PICHUCALCO;5
;PIJIJIAPAN;5
;PUEBLO NUEVO SOLISTAHUACAN;5
;RAYON;5
;REFORMA;5
;RINCON CHAMULA SAN PEDRO;5
;SABANILLA;5
;SALTO DE AGUA;5
;SAN ANDRES DURAZNAL;5
;SAN CRISTOBAL DE LAS CASAS;5
;SAN FERNANDO;5
;SAN JUAN CANCUC;5
;SAN LUCAS;5
;SANTIAGO EL PINAR;5
;SILTEPEC;5
;SIMOJOVEL;5
;SITALA;5
;SOCOLTENANGO;5
;SOLOSUCHIAPA;5
;SOYALO;5
;SUCHIAPA;5
;SUCHIATE;5
;SUNUAPA;5
;TAPACHULA;5
;TAPALAPA;5
;TAPILULA;5
;TECPATAN;5
;TENEJAPA;5
;TEOPISCA;5
;TILA;5
;TONALA;5
;TOTOLAPA;5
;TUMBALA;5
;TUXTLA CHICO;5
;TUXTLA GUTIERREZ;5
;TUZANTAN;5
;TZIMOL;5
;UNION JUAREZ;5
;VENUSTIANO CARRANZA;5
;VILLA COMALTITLAN;5
;VILLA CORZO;5
;VILLAFLORES;5
;YAJALON;5
;ZINACANTAN;5
;CALAKMUL;6
;CALKINI;6
;CAMPECHE;6
;CANDELARIA;6
;CARMEN;6
;CHAMPOTON;6
;ESCARCEGA;6
;HECELCHAKAN;6
;HOPELCHEN;6
;PALIZADA;6
;TENABO;6
;ALVARO OBREGON;7
;AZCAPOTZALCO;7
;BENITO JUAREZ;7
;COYOACAN;7
;CUAJIMALPA DE MORELOS;7
;CUAUHTEMOC;7
;GUSTAVO A. MADERO;7
;IZTACALCO;7
;IZTAPALAPA;7
;LA MAGDALENA CONTRERAS;7
;MIGUEL HIDALGO;7
;MILPA ALTA;7
;TLAHUAC;7
;TLALPAN;7
;VENUSTIANO CARRANZA;7
;XOCHIMILCO;7
;ABASOLO;8
;ACUNA;8
;ALLENDE;8
;ARTEAGA;8
;CANDELA;8
;CASTANOS;8
;CUATRO CIENEGAS;8
;ESCOBEDO;8
;FRANCISCO I. MADERO;8
;FRONTERA;8
;GENERAL CEPEDA;8
;GUERRERO;8
;HIDALGO;8
;JIMENEZ;8
;JUAREZ;8
;LAMADRID;8
;MATAMOROS;8
;MONCLOVA;8
;MORELOS;8
;MUZQUIZ;8
;NADADORES;8
;NAVA;8
;OCAMPO;8
;PARRAS;8
;PIEDRAS NEGRAS;8
;PROGRESO;8
;RAMOS ARIZPE;8
;SABINAS;8
;SACRAMENTO;8
;SALTILLO;8
;SAN BUENAVENTURA;8
;SAN JUAN DE SABINAS;8
;SAN PEDRO;8
;SIERRA MOJADA;8
;TORREON;8
;VIESCA;8
;VILLA UNION;8
;ZARAGOZA;8
;ARMERIA;9
;COLIMA;9
;COMALA;9
;COQUIMATLAN;9
;CUAUHTEMOC;9
;IXTLAHUACAN;9
;MANZANILLO;9
;MINATITLAN;9
;TECOMAN;9
;VILLA DE ALVAREZ;9
;CANATLAN;10
;CANELAS;10
;CONETO DE COMONFORT;10
;CUENCAME;10
;DURANGO;10
;EL ORO;10
;GENERAL SIMON BOLIVAR;10
;GOMEZ PALACIO;10
;GUADALUPE VICTORIA;10
;GUANACEVI;10
;HIDALGO;10
;INDE;10
;LERDO;10
;MAPIMI;10
;MEZQUITAL;10
;NAZAS;10
;NOMBRE DE DIOS;10
;NUEVO IDEAL;10
;OCAMPO;10
;OTAEZ;10
;PANUCO DE CORONADO;10
;PENON BLANCO;10
;POANAS;10
;PUEBLO NUEVO;10
;RODEO;10
;SAN BERNARDO;10
;SAN DIMAS;10
;SAN JUAN DE GUADALUPE;10
;SAN JUAN DEL RIO;10
;SAN LUIS DEL CORDERO;10
;SAN PEDRO DEL GALLO;10
;SANTA CLARA;10
;SANTIAGO PAPASQUIARO;10
;SUCHIL;10
;TAMAZULA;10
;TEPEHUANES;10
;TLAHUALILO;10
;TOPIA;10
;VICENTE GUERRERO;10
;ACAPULCO DE JUAREZ;11
;ACATEPEC;11
;AHUACUOTZINGO;11
;AJUCHITLAN DEL PROGRESO;11
;ALCOZAUCA DE GUERRERO;11
;ALPOYECA;11
;APAXTLA;11
;ARCELIA;11
;ATENANGO DEL RIO;11
;ATLAMAJALCINGO DEL MONTE;11
;ATLIXTAC;11
;ATOYAC DE ALVAREZ;11
;AYUTLA DE LOS LIBRES;11
;AZOYU;11
;BENITO JUAREZ;11
;BUENAVISTA DE CUELLAR;11
;CHILAPA DE ALVAREZ;11
;CHILPANCINGO DE LOS BRAVO;11
;COAHUAYUTLA DE JOSE MARIA IZAZAGA;11
;COCHOAPA EL GRANDE;11
;COCULA;11
;COPALA;11
;COPALILLO;11
;COPANATOYAC;11
;COYUCA DE BENITEZ;11
;COYUCA DE CATALAN;11
;CUAJINICUILAPA;11
;CUALAC;11
;CUAUTEPEC;11
;CUETZALA DEL PROGRESO;11
;CUTZAMALA DE PINZON;11
;EDUARDO NERI;11
;FLORENCIO VILLARREAL;11
;GENERAL CANUTO A. NERI;11
;GENERAL HELIODORO CASTILLO;11
;HUAMUXTITLAN;11
;HUITZUCO DE LOS FIGUEROA;11
;IGUALA DE LA INDEPENDENCIA;11
;IGUALAPA;11
;ILIATENCO;11
;IXCATEOPAN DE CUAUHTEMOC;11
;JOSE JOAQUIN DE HERRERA;11
;JUAN R. ESCUDERO;11
;JUCHITAN;11
;LA UNION DE ISIDORO MONTES DE OCA;11
;LEONARDO BRAVO;11
;MALINALTEPEC;11
;MARQUELIA;11
;MARTIR DE CUILAPAN;11
;METLATONOC;11
;MOCHITLAN;11
;OLINALA;11
;OMETEPEC;11
;PEDRO ASCENCIO ALQUISIRAS;11
;PETATLAN;11
;PILCAYA;11
;PUNGARABATO;11
;QUECHULTENANGO;11
;SAN LUIS ACATLAN;11
;SAN MARCOS;11
;SAN MIGUEL TOTOLAPAN;11
;TAXCO DE ALARCON;11
;TECOANAPA;11
;TECPAN DE GALEANA;11
;TELOLOAPAN;11
;TEPECOACUILCO DE TRUJANO;11
;TETIPAC;11
;TIXTLA DE GUERRERO;11
;TLACOACHISTLAHUACA;11
;TLACOAPA;11
;TLALCHAPA;11
;TLALIXTAQUILLA DE MALDONADO;11
;TLAPA DE COMONFORT;11
;TLAPEHUALA;11
;XALPATLAHUAC;11
;XOCHIHUEHUETLAN;11
;XOCHISTLAHUACA;11
;ZAPOTITLAN TABLAS;11
;ZIHUATANEJO DE AZUETA;11
;ZIRANDARO;11
;ZITLALA;11
;ABASOLO;12
;ACAMBARO;12
;APASEO EL ALTO;12
;APASEO EL GRANDE;12
;ATARJEA;12
;CELAYA;12
;COMONFORT;12
;CORONEO;12
;CORTAZAR;12
;CUERAMARO;12
;DOCTOR MORA;12
;DOLORES HIDALGO CUNA DE LA INDEPENDENCIA NACIONAL;12
;GUANAJUATO;12
;HUANIMARO;12
;IRAPUATO;12
;JARAL DEL PROGRESO;12
;JERECUARO;12
;LEON;12
;MANUEL DOBLADO;12
;MOROLEON;12
;OCAMPO;12
;PENJAMO;12
;PUEBLO NUEVO;12
;PURISIMA DEL RINCON;12
;ROMITA;12
;SALAMANCA;12
;SALVATIERRA;12
;SAN DIEGO DE LA UNION;12
;SAN FELIPE;12
;SAN FRANCISCO DEL RINCON;12
;SAN JOSE ITURBIDE;12
;SAN LUIS DE LA PAZ;12
;SAN MIGUEL DE ALLENDE;12
;SANTA CATARINA;12
;SANTA CRUZ DE JUVENTINO ROSAS;12
;SANTIAGO MARAVATIO;12
;SILAO DE LA VICTORIA;12
;TARANDACUAO;12
;TARIMORO;12
;TIERRA BLANCA;12
;URIANGATO;12
;VALLE DE SANTIAGO;12
;VICTORIA;12
;VILLAGRAN;12
;XICHU;12
;YURIRIA;12
;ACATLAN;13
;ACAXOCHITLAN;13
;ACTOPAN;13
;AGUA BLANCA DE ITURBIDE;13
;AJACUBA;13
;ALFAJAYUCAN;13
;ALMOLOYA;13
;APAN;13
;ATITALAQUIA;13
;ATLAPEXCO;13
;ATOTONILCO DE TULA;13
;ATOTONILCO EL GRANDE;13
;CALNALI;13
;CARDONAL;13
;CHAPANTONGO;13
;CHAPULHUACAN;13
;CHILCUAUTLA;13
;CUAUTEPEC DE HINOJOSA;13
;EL ARENAL;13
;ELOXOCHITLAN;13
;EMILIANO ZAPATA;13
;EPAZOYUCAN;13
;FRANCISCO I. MADERO;13
;HUASCA DE OCAMPO;13
;HUAUTLA;13
;HUAZALINGO;13
;HUEHUETLA;13
;HUEJUTLA DE REYES;13
;HUICHAPAN;13
;IXMIQUILPAN;13
;JACALA DE LEDEZMA;13
;JALTOCAN;13
;JUAREZ HIDALGO;13
;LA MISION;13
;LOLOTLA;13
;METEPEC;13
;METZTITLAN;13
;MINERAL DE LA REFORMA;13
;MINERAL DEL CHICO;13
;MINERAL DEL MONTE;13
;MIXQUIAHUALA DE JUAREZ;13
;MOLANGO DE ESCAMILLA;13
;NICOLAS FLORES;13
;NOPALA DE VILLAGRAN;13
;OMITLAN DE JUAREZ;13
;PACHUCA DE SOTO;13
;PACULA;13
;PISAFLORES;13
;PROGRESO DE OBREGON;13
;SAN AGUSTIN METZQUITITLAN;13
;SAN AGUSTIN TLAXIACA;13
;SAN BARTOLO TUTOTEPEC;13
;SAN FELIPE ORIZATLAN;13
;SAN SALVADOR;13
;SANTIAGO DE ANAYA;13
;SANTIAGO TULANTEPEC DE LUGO GUERRERO;13
;SINGUILUCAN;13
;TASQUILLO;13
;TECOZAUTLA;13
;TENANGO DE DORIA;13
;TEPEAPULCO;13
;TEPEHUACAN DE GUERRERO;13
;TEPEJI DEL RIO DE OCAMPO;13
;TEPETITLAN;13
;TETEPANGO;13
;TEZONTEPEC DE ALDAMA;13
;TIANGUISTENGO;13
;TIZAYUCA;13
;TLAHUELILPAN;13
;TLAHUILTEPA;13
;TLANALAPA;13
;TLANCHINOL;13
;TLAXCOAPAN;13
;TOLCAYUCA;13
;TULA DE ALLENDE;13
;TULANCINGO DE BRAVO;13
;VILLA DE TEZONTEPEC;13
;XOCHIATIPAN;13
;XOCHICOATLAN;13
;YAHUALICA;13
;ZACUALTIPAN DE ANGELES;13
;ZAPOTLAN DE JUAREZ;13
;ZEMPOALA;13
;ZIMAPAN;13
;ACATIC;14
;ACATLAN DE JUAREZ;14
;AHUALULCO DE MERCADO;14
;AMACUECA;14
;AMATITAN;14
;AMECA;14
;ARANDAS;14
;ATEMAJAC DE BRIZUELA;14
;ATENGO;14
;ATENGUILLO;14
;ATOTONILCO EL ALTO;14
;ATOYAC;14
;AUTLAN DE NAVARRO;14
;AYOTLAN;14
;AYUTLA;14
;BOLANOS;14
;CABO CORRIENTES;14
;CANADAS DE OBREGON;14
;CASIMIRO CASTILLO;14
;CHAPALA;14
;CHIMALTITAN;14
;CHIQUILISTLAN;14
;CIHUATLAN;14
;COCULA;14
;COLOTLAN;14
;CONCEPCION DE BUENOS AIRES;14
;CUAUTITLAN DE GARCIA BARRAGAN;14
;CUAUTLA;14
;CUQUIO;14
;DEGOLLADO;14
;EJUTLA;14
;EL ARENAL;14
;EL GRULLO;14
;EL LIMON;14
;EL SALTO;14
;ENCARNACION DE DIAZ;14
;ETZATLAN;14
;GOMEZ FARIAS;14
;GUACHINANGO;14
;GUADALAJARA;14
;HOSTOTIPAQUILLO;14
;HUEJUCAR;14
;HUEJUQUILLA EL ALTO;14
;IXTLAHUACAN DE LOS MEMBRILLOS;14
;IXTLAHUACAN DEL RIO;14
;JALOSTOTITLAN;14
;JAMAY;14
;JESUS MARIA;14
;JILOTLAN DE LOS DOLORES;14
;JOCOTEPEC;14
;JUANACATLAN;14
;JUCHITLAN;14
;LA BARCA;14
;LA HUERTA;14
;LA MANZANILLA DE LA PAZ;14
;LAGOS DE MORENO;14
;MAGDALENA;14
;MASCOTA;14
;MAZAMITLA;14
;MEXTICACAN;14
;MEZQUITIC;14
;MIXTLAN;14
;OCOTLAN;14
;OJUELOS DE JALISCO;14
;PIHUAMO;14
;PONCITLAN;14
;PUERTO VALLARTA;14
;QUITUPAN;14
;SAN CRISTOBAL DE LA BARRANCA;14
;SAN DIEGO DE ALEJANDRIA;14
;SAN GABRIEL;14
;SAN IGNACIO CERRO GORDO;14
;SAN JUAN DE LOS LAGOS;14
;SAN JUANITO DE ESCOBEDO;14
;SAN JULIAN;14
;SAN MARCOS;14
;SAN MARTIN DE BOLANOS;14
;SAN MARTIN HIDALGO;14
;SAN MIGUEL EL ALTO;14
;SAN PEDRO TLAQUEPAQUE;14
;SAN SEBASTIAN DEL OESTE;14
;SANTA MARIA DE LOS ANGELES;14
;SANTA MARIA DEL ORO;14
;SAYULA;14
;TALA;14
;TALPA DE ALLENDE;14
;TAMAZULA DE GORDIANO;14
;TAPALPA;14
;TECALITLAN;14
;TECHALUTA DE MONTENEGRO;14
;TECOLOTLAN;14
;TENAMAXTLAN;14
;TEOCALTICHE;14
;TEOCUITATLAN DE CORONA;14
;TEPATITLAN DE MORELOS;14
;TEQUILA;14
;TEUCHITLAN;14
;TIZAPAN EL ALTO;14
;TLAJOMULCO DE ZUNIGA;14
;TOLIMAN;14
;TOMATLAN;14
;TONALA;14
;TONAYA;14
;TONILA;14
;TOTATICHE;14
;TOTOTLAN;14
;TUXCACUESCO;14
;TUXCUECA;14
;TUXPAN;14
;UNION DE SAN ANTONIO;14
;UNION DE TULA;14
;VALLE DE GUADALUPE;14
;VALLE DE JUAREZ;14
;VILLA CORONA;14
;VILLA GUERRERO;14
;VILLA HIDALGO;14
;VILLA PURIFICACION;14
;YAHUALICA DE GONZALEZ GALLO;14
;ZACOALCO DE TORRES;14
;ZAPOPAN;14
;ZAPOTILTIC;14
;ZAPOTITLAN DE VADILLO;14
;ZAPOTLAN DEL REY;14
;ZAPOTLAN EL GRANDE;14
;ZAPOTLANEJO;14
;ACUITZIO;15
;AGUILILLA;15
;ALVARO OBREGON;15
;ANGAMACUTIRO;15
;ANGANGUEO;15
;APATZINGAN;15
;APORO;15
;AQUILA;15
;ARIO;15
;ARTEAGA;15
;BRISENAS;15
;BUENAVISTA;15
;CARACUARO;15
;CHARAPAN;15
;CHARO;15
;CHAVINDA;15
;CHERAN;15
;CHILCHOTA;15
;CHINICUILA;15
;CHUCANDIRO;15
;CHURINTZIO;15
;CHURUMUCO;15
;COAHUAYANA;15
;COALCOMAN DE VAZQUEZ PALLARES;15
;COENEO;15
;COJUMATLAN DE REGULES;15
;CONTEPEC;15
;COPANDARO;15
;COTIJA;15
;CUITZEO;15
;ECUANDUREO;15
;EPITACIO HUERTA;15
;ERONGARICUARO;15
;GABRIEL ZAMORA;15
;HIDALGO;15
;HUANDACAREO;15
;HUANIQUEO;15
;HUETAMO;15
;HUIRAMBA;15
;INDAPARAPEO;15
;IRIMBO;15
;IXTLAN;15
;JACONA;15
;JIMENEZ;15
;JIQUILPAN;15
;JOSE SIXTO VERDUZCO;15
;JUAREZ;15
;JUNGAPEO;15
;LA HUACANA;15
;LA PIEDAD;15
;LAGUNILLAS;15
;LAZARO CARDENAS;15
;LOS REYES;15
;MADERO;15
;MARAVATIO;15
;MARCOS CASTELLANOS;15
;MORELIA;15
;MORELOS;15
;MUGICA;15
;NAHUATZEN;15
;NOCUPETARO;15
;NUEVO PARANGARICUTIRO;15
;NUEVO URECHO;15
;NUMARAN;15
;OCAMPO;15
;PAJACUARAN;15
;PANINDICUARO;15
;PARACHO;15
;PARACUARO;15
;PATZCUARO;15
;PENJAMILLO;15
;PERIBAN;15
;PUREPERO;15
;PURUANDIRO;15
;QUERENDARO;15
;QUIROGA;15
;SAHUAYO;15
;SALVADOR ESCALANTE;15
;SAN LUCAS;15
;SANTA ANA MAYA;15
;SENGUIO;15
;SUSUPUATO;15
;TACAMBARO;15
;TANCITARO;15
;TANGAMANDAPIO;15
;TANGANCICUARO;15
;TANHUATO;15
;TARETAN;15
;TARIMBARO;15
;TEPALCATEPEC;15
;TINGAMBATO;15
;TINGUINDIN;15
;TIQUICHEO DE NICOLAS ROMERO;15
;TLALPUJAHUA;15
;TLAZAZALCA;15
;TOCUMBO;15
;TUMBISCATIO;15
;TURICATO;15
;TUXPAN;15
;TUZANTLA;15
;TZINTZUNTZAN;15
;TZITZIO;15
;URUAPAN;15
;VENUSTIANO CARRANZA;15
;VILLAMAR;15
;VISTA HERMOSA;15
;YURECUARO;15
;ZACAPU;15
;ZAMORA;15
;ZINAPARO;15
;ZINAPECUARO;15
;ZIRACUARETIRO;15
;ZITACUARO;15
;ACAMBAY DE RUIZ CASTANEDA;16
;ACOLMAN;16
;ACULCO;16
;ALMOLOYA DE ALQUISIRAS;16
;ALMOLOYA DE JUAREZ;16
;ALMOLOYA DEL RIO;16
;AMANALCO;16
;AMATEPEC;16
;AMECAMECA;16
;APAXCO;16
;ATENCO;16
;ATIZAPAN;16
;ATIZAPAN DE ZARAGOZA;16
;ATLACOMULCO;16
;ATLAUTLA;16
;AXAPUSCO;16
;AYAPANGO;16
;CALIMAYA;16
;CAPULHUAC;16
;CHALCO;16
;CHAPA DE MOTA;16
;CHAPULTEPEC;16
;CHIAUTLA;16
;CHICOLOAPAN;16
;CHICONCUAC;16
;CHIMALHUACAN;16
;COACALCO DE BERRIOZABAL;16
;COATEPEC HARINAS;16
;COCOTITLAN;16
;COYOTEPEC;16
;CUAUTITLAN;16
;CUAUTITLAN IZCALLI;16
;DONATO GUERRA;16
;ECATEPEC DE MORELOS;16
;ECATZINGO;16
;EL ORO;16
;HUEHUETOCA;16
;HUEYPOXTLA;16
;HUIXQUILUCAN;16
;ISIDRO FABELA;16
;IXTAPALUCA;16
;IXTAPAN DE LA SAL;16
;IXTAPAN DEL ORO;16
;IXTLAHUACA;16
;JALTENCO;16
;JILOTEPEC;16
;JILOTZINGO;16
;JIQUIPILCO;16
;JOCOTITLAN;16
;JOQUICINGO;16
;JUCHITEPEC;16
;LA PAZ;16
;LERMA;16
;LUVIANOS;16
;MALINALCO;16
;MELCHOR OCAMPO;16
;METEPEC;16
;MEXICALTZINGO;16
;MORELOS;16
;NAUCALPAN DE JUAREZ;16
;NEXTLALPAN;16
;NEZAHUALCOYOTL;16
;NICOLAS ROMERO;16
;NOPALTEPEC;16
;OCOYOACAC;16
;OCUILAN;16
;OTUMBA;16
;OTZOLOAPAN;16
;OTZOLOTEPEC;16
;OZUMBA;16
;PAPALOTLA;16
;POLOTITLAN;16
;RAYON;16
;SAN ANTONIO LA ISLA;16
;SAN FELIPE DEL PROGRESO;16
;SAN JOSE DEL RINCON;16
;SAN MARTIN DE LAS PIRAMIDES;16
;SAN MATEO ATENCO;16
;SAN SIMON DE GUERRERO;16
;SANTO TOMAS;16
;SOYANIQUILPAN DE JUAREZ;16
;SULTEPEC;16
;TECAMAC;16
;TEJUPILCO;16
;TEMAMATLA;16
;TEMASCALAPA;16
;TEMASCALCINGO;16
;TEMASCALTEPEC;16
;TEMOAYA;16
;TENANCINGO;16
;TENANGO DEL AIRE;16
;TENANGO DEL VALLE;16
;TEOLOYUCAN;16
;TEOTIHUACAN;16
;TEPETLAOXTOC;16
;TEPETLIXPA;16
;TEPOTZOTLAN;16
;TEQUIXQUIAC;16
;TEXCALTITLAN;16
;TEXCALYACAC;16
;TEXCOCO;16
;TEZOYUCA;16
;TIANGUISTENCO;16
;TIMILPAN;16
;TLALMANALCO;16
;TLALNEPANTLA DE BAZ;16
;TLATLAYA;16
;TOLUCA;16
;TONANITLA;16
;TONATICO;16
;TULTEPEC;16
;TULTITLAN;16
;VALLE DE BRAVO;16
;VALLE DE CHALCO SOLIDARIDAD;16
;VILLA DE ALLENDE;16
;VILLA DEL CARBON;16
;VILLA GUERRERO;16
;VILLA VICTORIA;16
;XALATLACO;16
;XONACATLAN;16
;ZACAZONAPAN;16
;ZACUALPAN;16
;ZINACANTEPEC;16
;ZUMPAHUACAN;16
;ZUMPANGO;16
;AMACUZAC;17
;ATLATLAHUCAN;17
;AXOCHIAPAN;17
;AYALA;17
;COATLAN DEL RIO;17
;CUAUTLA;17
;CUERNAVACA;17
;EMILIANO ZAPATA;17
;HUITZILAC;17
;JANTETELCO;17
;JIUTEPEC;17
;JOJUTLA;17
;JONACATEPEC DE LEANDRO VALLE;17
;MAZATEPEC;17
;MIACATLAN;17
;OCUITUCO;17
;PUENTE DE IXTLA;17
;TEMIXCO;17
;TEMOAC;17
;TEPALCINGO;17
;TEPOZTLAN;17
;TETECALA;17
;TETELA DEL VOLCAN;17
;TLALNEPANTLA;17
;TLALTIZAPAN DE ZAPATA;17
;TLAQUILTENANGO;17
;TLAYACAPAN;17
;TOTOLAPAN;17
;XOCHITEPEC;17
;YAUTEPEC;17
;YECAPIXTLA;17
;ZACATEPEC;17
;ZACUALPAN DE AMILPAS;17
;ACAPONETA;18
;AHUACATLAN;18
;AMATLAN DE CANAS;18
;BAHIA DE BANDERAS;18
;COMPOSTELA;18
;DEL NAYAR;18
;HUAJICORI;18
;IXTLAN DEL RIO;18
;JALA;18
;LA YESCA;18
;ROSAMORADA;18
;RUIZ;18
;SAN BLAS;18
;SAN PEDRO LAGUNILLAS;18
;SANTA MARIA DEL ORO;18
;SANTIAGO IXCUINTLA;18
;TECUALA;18
;TEPIC;18
;TUXPAN;18
;XALISCO;18
;ABASOLO;19
;AGUALEGUAS;19
;ALLENDE;19
;ANAHUAC;19
;APODACA;19
;ARAMBERRI;19
;BUSTAMANTE;19
;CADEREYTA JIMENEZ;19
;CERRALVO;19
;CHINA;19
;CIENEGA DE FLORES;19
;DOCTOR ARROYO;19
;DOCTOR COSS;19
;DOCTOR GONZALEZ;19
;EL CARMEN;19
;GALEANA;19
;GARCIA;19
;GENERAL BRAVO;19
;GENERAL ESCOBEDO;19
;GENERAL TERAN;19
;GENERAL TREVINO;19
;GENERAL ZARAGOZA;19
;GENERAL ZUAZUA;19
;GUADALUPE;19
;HIDALGO;19
;HIGUERAS;19
;HUALAHUISES;19
;ITURBIDE;19
;JUAREZ;19
;LAMPAZOS DE NARANJO;19
;LINARES;19
;LOS ALDAMAS;19
;LOS HERRERAS;19
;LOS RAMONES;19
;MARIN;19
;MELCHOR OCAMPO;19
;MIER Y NORIEGA;19
;MINA;19
;MONTEMORELOS;19
;MONTERREY;19
;PARAS;19
;PESQUERIA;19
;RAYONES;19
;SABINAS HIDALGO;19
;SALINAS VICTORIA;19
;SAN NICOLAS DE LOS GARZA;19
;SAN PEDRO GARZA GARCIA;19
;SANTA CATARINA;19
;SANTIAGO;19
;VALLECILLO;19
;VILLALDAMA;19
;ABEJONES;20
;ACATLAN DE PEREZ FIGUEROA;20
;ANIMAS TRUJANO;20
;ASUNCION CACALOTEPEC;20
;ASUNCION CUYOTEPEJI;20
;ASUNCION IXTALTEPEC;20
;ASUNCION NOCHIXTLAN;20
;ASUNCION OCOTLAN;20
;ASUNCION TLACOLULITA;20
;AYOQUEZCO DE ALDAMA;20
;AYOTZINTEPEC;20
;CALIHUALA;20
;CANDELARIA LOXICHA;20
;CAPULALPAM DE MENDEZ;20
;CHAHUITES;20
;CHALCATONGO DE HIDALGO;20
;CHIQUIHUITLAN DE BENITO JUAREZ;20
;CIENEGA DE ZIMATLAN;20
;CIUDAD IXTEPEC;20
;COATECAS ALTAS;20
;COICOYAN DE LAS FLORES;20
;CONCEPCION BUENAVISTA;20
;CONCEPCION PAPALO;20
;CONSTANCIA DEL ROSARIO;20
;COSOLAPA;20
;COSOLTEPEC;20
;CUILAPAM DE GUERRERO;20
;CUNA DE LA INDEPENDENCIA DE OAXACA;20
;CUYAMECALCO VILLA DE ZARAGOZA;20
;EL BARRIO DE LA SOLEDAD;20
;EL ESPINAL;20
;ELOXOCHITLAN DE FLORES MAGON;20
;FRESNILLO DE TRUJANO;20
;GUADALUPE DE RAMIREZ;20
;GUADALUPE ETLA;20
;GUELATAO DE JUAREZ;20
;GUEVEA DE HUMBOLDT;20
;HEROICA CIUDAD DE EJUTLA DE CRESPO;20
;HEROICA CIUDAD DE HUAJUAPAN DE LEON;20
;HEROICA CIUDAD DE JUCHITAN DE ZARAGOZA;20
;HEROICA CIUDAD DE TLAXIACO;20
;HEROICA VILLA TEZOATLAN DE SEGURA Y LUNA;20
;HUAUTEPEC;20
;HUAUTLA DE JIMENEZ;20
;IXPANTEPEC NIEVES;20
;IXTLAN DE JUAREZ;20
;LA COMPANIA;20
;LA PE;20
;LA REFORMA;20
;LA TRINIDAD VISTA HERMOSA;20
;LOMA BONITA;20
;MAGDALENA APASCO;20
;MAGDALENA JALTEPEC;20
;MAGDALENA MIXTEPEC;20
;MAGDALENA OCOTLAN;20
;MAGDALENA PENASCO;20
;MAGDALENA TEITIPAC;20
;MAGDALENA TEQUISISTLAN;20
;MAGDALENA TLACOTEPEC;20
;MAGDALENA YODOCONO DE PORFIRIO DIAZ;20
;MAGDALENA ZAHUATLAN;20
;MARISCALA DE JUAREZ;20
;MARTIRES DE TACUBAYA;20
;MATIAS ROMERO AVENDANO;20
;MAZATLAN VILLA DE FLORES;20
;MESONES HIDALGO;20
;MIAHUATLAN DE PORFIRIO DIAZ;20
;MIXISTLAN DE LA REFORMA;20
;MONJAS;20
;NATIVIDAD;20
;NAZARENO ETLA;20
;NEJAPA DE MADERO;20
;NUEVO ZOQUIAPAM;20
;OAXACA DE JUAREZ;20
;OCOTLAN DE MORELOS;20
;PINOTEPA DE DON LUIS;20
;PLUMA HIDALGO;20
;PUTLA VILLA DE GUERRERO;20
;REFORMA DE PINEDA;20
;REYES ETLA;20
;ROJAS DE CUAUHTEMOC;20
;SALINA CRUZ;20
;SAN AGUSTIN AMATENGO;20
;SAN AGUSTIN ATENANGO;20
;SAN AGUSTIN CHAYUCO;20
;SAN AGUSTIN DE LAS JUNTAS;20
;SAN AGUSTIN ETLA;20
;SAN AGUSTIN LOXICHA;20
;SAN AGUSTIN TLACOTEPEC;20
;SAN AGUSTIN YATARENI;20
;SAN ANDRES CABECERA NUEVA;20
;SAN ANDRES DINICUITI;20
;SAN ANDRES HUAXPALTEPEC;20
;SAN ANDRES HUAYAPAM;20
;SAN ANDRES IXTLAHUACA;20
;SAN ANDRES LAGUNAS;20
;SAN ANDRES NUXINO;20
;SAN ANDRES PAXTLAN;20
;SAN ANDRES SINAXTLA;20
;SAN ANDRES SOLAGA;20
;SAN ANDRES TEOTILALPAM;20
;SAN ANDRES TEPETLAPA;20
;SAN ANDRES YAA;20
;SAN ANDRES ZABACHE;20
;SAN ANDRES ZAUTLA;20
;SAN ANTONINO CASTILLO VELASCO;20
;SAN ANTONINO EL ALTO;20
;SAN ANTONINO MONTE VERDE;20
;SAN ANTONIO ACUTLA;20
;SAN ANTONIO DE LA CAL;20
;SAN ANTONIO HUITEPEC;20
;SAN ANTONIO NANAHUATIPAM;20
;SAN ANTONIO SINICAHUA;20
;SAN ANTONIO TEPETLAPA;20
;SAN BALTAZAR CHICHICAPAM;20
;SAN BALTAZAR LOXICHA;20
;SAN BALTAZAR YATZACHI EL BAJO;20
;SAN BARTOLO COYOTEPEC;20
;SAN BARTOLO SOYALTEPEC;20
;SAN BARTOLO YAUTEPEC;20
;SAN BARTOLOME AYAUTLA;20
;SAN BARTOLOME LOXICHA;20
;SAN BARTOLOME QUIALANA;20
;SAN BARTOLOME YUCUANE;20
;SAN BARTOLOME ZOOGOCHO;20
;SAN BERNARDO MIXTEPEC;20
;SAN BLAS ATEMPA;20
;SAN CARLOS YAUTEPEC;20
;SAN CRISTOBAL AMATLAN;20
;SAN CRISTOBAL AMOLTEPEC;20
;SAN CRISTOBAL LACHIRIOAG;20
;SAN CRISTOBAL SUCHIXTLAHUACA;20
;SAN DIONISIO DEL MAR;20
;SAN DIONISIO OCOTEPEC;20
;SAN DIONISIO OCOTLAN;20
;SAN ESTEBAN ATATLAHUCA;20
;SAN FELIPE JALAPA DE DIAZ;20
;SAN FELIPE TEJALAPAM;20
;SAN FELIPE USILA;20
;SAN FRANCISCO CAHUACUA;20
;SAN FRANCISCO CAJONOS;20
;SAN FRANCISCO CHAPULAPA;20
;SAN FRANCISCO CHINDUA;20
;SAN FRANCISCO DEL MAR;20
;SAN FRANCISCO HUEHUETLAN;20
;SAN FRANCISCO IXHUATAN;20
;SAN FRANCISCO JALTEPETONGO;20
;SAN FRANCISCO LACHIGOLO;20
;SAN FRANCISCO LOGUECHE;20
;SAN FRANCISCO NUXANO;20
;SAN FRANCISCO OZOLOTEPEC;20
;SAN FRANCISCO SOLA;20
;SAN FRANCISCO TELIXTLAHUACA;20
;SAN FRANCISCO TEOPAN;20
;SAN FRANCISCO TLAPANCINGO;20
;SAN GABRIEL MIXTEPEC;20
;SAN ILDEFONSO AMATLAN;20
;SAN ILDEFONSO SOLA;20
;SAN ILDEFONSO VILLA ALTA;20
;SAN JACINTO AMILPAS;20
;SAN JACINTO TLACOTEPEC;20
;SAN JERONIMO COATLAN;20
;SAN JERONIMO SILACAYOAPILLA;20
;SAN JERONIMO SOSOLA;20
;SAN JERONIMO TAVICHE;20
;SAN JERONIMO TECOATL;20
;SAN JERONIMO TLACOCHAHUAYA;20
;SAN JORGE NUCHITA;20
;SAN JOSE AYUQUILA;20
;SAN JOSE CHILTEPEC;20
;SAN JOSE DEL PENASCO;20
;SAN JOSE DEL PROGRESO;20
;SAN JOSE ESTANCIA GRANDE;20
;SAN JOSE INDEPENDENCIA;20
;SAN JOSE LACHIGUIRI;20
;SAN JOSE TENANGO;20
;SAN JUAN ACHIUTLA;20
;SAN JUAN ATEPEC;20
;SAN JUAN BAUTISTA ATATLAHUCA;20
;SAN JUAN BAUTISTA COIXTLAHUACA;20
;SAN JUAN BAUTISTA CUICATLAN;20
;SAN JUAN BAUTISTA GUELACHE;20
;SAN JUAN BAUTISTA JAYACATLAN;20
;SAN JUAN BAUTISTA LO DE SOTO;20
;SAN JUAN BAUTISTA SUCHITEPEC;20
;SAN JUAN BAUTISTA TLACHICHILCO;20
;SAN JUAN BAUTISTA TLACOATZINTEPEC;20
;SAN JUAN BAUTISTA TUXTEPEC;20
;SAN JUAN BAUTISTA VALLE NACIONAL;20
;SAN JUAN CACAHUATEPEC;20
;SAN JUAN CHICOMEZUCHIL;20
;SAN JUAN CHILATECA;20
;SAN JUAN CIENEGUILLA;20
;SAN JUAN COATZOSPAM;20
;SAN JUAN COLORADO;20
;SAN JUAN COMALTEPEC;20
;SAN JUAN COTZOCON;20
;SAN JUAN DE LOS CUES;20
;SAN JUAN DEL ESTADO;20
;SAN JUAN DEL RIO;20
;SAN JUAN DIUXI;20
;SAN JUAN EVANGELISTA ANALCO;20
;SAN JUAN GUELAVIA;20
;SAN JUAN GUICHICOVI;20
;SAN JUAN IHUALTEPEC;20
;SAN JUAN JUQUILA MIXES;20
;SAN JUAN JUQUILA VIJANOS;20
;SAN JUAN LACHAO;20
;SAN JUAN LACHIGALLA;20
;SAN JUAN LAJARCIA;20
;SAN JUAN LALANA;20
;SAN JUAN MAZATLAN;20
;SAN JUAN MIXTEPEC;20
;SAN JUAN NUMI;20
;SAN JUAN OZOLOTEPEC;20
;SAN JUAN PETLAPA;20
;SAN JUAN QUIAHIJE;20
;SAN JUAN QUIOTEPEC;20
;SAN JUAN SAYULTEPEC;20
;SAN JUAN TABAA;20
;SAN JUAN TAMAZOLA;20
;SAN JUAN TEITA;20
;SAN JUAN TEITIPAC;20
;SAN JUAN TEPEUXILA;20
;SAN JUAN TEPOSCOLULA;20
;SAN JUAN YAEE;20
;SAN JUAN YATZONA;20
;SAN JUAN YUCUITA;20
;SAN LORENZO;20
;SAN LORENZO ALBARRADAS;20
;SAN LORENZO CACAOTEPEC;20
;SAN LORENZO CUAUNECUILTITLA;20
;SAN LORENZO TEXMELUCAN;20
;SAN LORENZO VICTORIA;20
;SAN LUCAS CAMOTLAN;20
;SAN LUCAS OJITLAN;20
;SAN LUCAS QUIAVINI;20
;SAN LUCAS ZOQUIAPAM;20
;SAN LUIS AMATLAN;20
;SAN MARCIAL OZOLOTEPEC;20
;SAN MARCOS ARTEAGA;20
;SAN MARTIN DE LOS CANSECOS;20
;SAN MARTIN HUAMELULPAM;20
;SAN MARTIN ITUNYOSO;20
;SAN MARTIN LACHILA;20
;SAN MARTIN PERAS;20
;SAN MARTIN TILCAJETE;20
;SAN MARTIN TOXPALAN;20
;SAN MARTIN ZACATEPEC;20
;SAN MATEO CAJONOS;20
;SAN MATEO DEL MAR;20
;SAN MATEO ETLATONGO;20
;SAN MATEO NEJAPAM;20
;SAN MATEO PENASCO;20
;SAN MATEO PINAS;20
;SAN MATEO RIO HONDO;20
;SAN MATEO SINDIHUI;20
;SAN MATEO TLAPILTEPEC;20
;SAN MATEO YOLOXOCHITLAN;20
;SAN MATEO YUCUTINDOO;20
;SAN MELCHOR BETAZA;20
;SAN MIGUEL ACHIUTLA;20
;SAN MIGUEL AHUEHUETITLAN;20
;SAN MIGUEL ALOAPAM;20
;SAN MIGUEL AMATITLAN;20
;SAN MIGUEL AMATLAN;20
;SAN MIGUEL CHICAHUA;20
;SAN MIGUEL CHIMALAPA;20
;SAN MIGUEL COATLAN;20
;SAN MIGUEL DEL PUERTO;20
;SAN MIGUEL DEL RIO;20
;SAN MIGUEL EJUTLA;20
;SAN MIGUEL EL GRANDE;20
;SAN MIGUEL HUAUTLA;20
;SAN MIGUEL MIXTEPEC;20
;SAN MIGUEL PANIXTLAHUACA;20
;SAN MIGUEL PERAS;20
;SAN MIGUEL PIEDRAS;20
;SAN MIGUEL QUETZALTEPEC;20
;SAN MIGUEL SANTA FLOR;20
;SAN MIGUEL SOYALTEPEC;20
;SAN MIGUEL SUCHIXTEPEC;20
;SAN MIGUEL TECOMATLAN;20
;SAN MIGUEL TENANGO;20
;SAN MIGUEL TEQUIXTEPEC;20
;SAN MIGUEL TILQUIAPAM;20
;SAN MIGUEL TLACAMAMA;20
;SAN MIGUEL TLACOTEPEC;20
;SAN MIGUEL TULANCINGO;20
;SAN MIGUEL YOTAO;20
;SAN NICOLAS;20
;SAN NICOLAS HIDALGO;20
;SAN PABLO COATLAN;20
;SAN PABLO CUATRO VENADOS;20
;SAN PABLO ETLA;20
;SAN PABLO HUITZO;20
;SAN PABLO HUIXTEPEC;20
;SAN PABLO MACUILTIANGUIS;20
;SAN PABLO TIJALTEPEC;20
;SAN PABLO VILLA DE MITLA;20
;SAN PABLO YAGANIZA;20
;SAN PEDRO AMUZGOS;20
;SAN PEDRO APOSTOL;20
;SAN PEDRO ATOYAC;20
;SAN PEDRO CAJONOS;20
;SAN PEDRO COMITANCILLO;20
;SAN PEDRO COXCALTEPEC CANTAROS;20
;SAN PEDRO EL ALTO;20
;SAN PEDRO HUAMELULA;20
;SAN PEDRO HUILOTEPEC;20
;SAN PEDRO IXCATLAN;20
;SAN PEDRO IXTLAHUACA;20
;SAN PEDRO JALTEPETONGO;20
;SAN PEDRO JICAYAN;20
;SAN PEDRO JOCOTIPAC;20
;SAN PEDRO JUCHATENGO;20
;SAN PEDRO MARTIR;20
;SAN PEDRO MARTIR QUIECHAPA;20
;SAN PEDRO MARTIR YUCUXACO;20
;SAN PEDRO MIXTEPEC;20
;SAN PEDRO MOLINOS;20
;SAN PEDRO NOPALA;20
;SAN PEDRO OCOPETATILLO;20
;SAN PEDRO OCOTEPEC;20
;SAN PEDRO POCHUTLA;20
;SAN PEDRO QUIATONI;20
;SAN PEDRO SOCHIAPAM;20
;SAN PEDRO TAPANATEPEC;20
;SAN PEDRO TAVICHE;20
;SAN PEDRO TEOZACOALCO;20
;SAN PEDRO TEUTILA;20
;SAN PEDRO TIDAA;20
;SAN PEDRO TOPILTEPEC;20
;SAN PEDRO TOTOLAPAM;20
;SAN PEDRO Y SAN PABLO AYUTLA;20
;SAN PEDRO Y SAN PABLO TEPOSCOLULA;20
;SAN PEDRO Y SAN PABLO TEQUIXTEPEC;20
;SAN PEDRO YANERI;20
;SAN PEDRO YOLOX;20
;SAN PEDRO YUCUNAMA;20
;SAN RAYMUNDO JALPAN;20
;SAN SEBASTIAN ABASOLO;20
;SAN SEBASTIAN COATLAN;20
;SAN SEBASTIAN IXCAPA;20
;SAN SEBASTIAN NICANANDUTA;20
;SAN SEBASTIAN RIO HONDO;20
;SAN SEBASTIAN TECOMAXTLAHUACA;20
;SAN SEBASTIAN TEITIPAC;20
;SAN SEBASTIAN TUTLA;20
;SAN SIMON ALMOLONGAS;20
;SAN SIMON ZAHUATLAN;20
;SAN VICENTE COATLAN;20
;SAN VICENTE LACHIXIO;20
;SAN VICENTE NUNU;20
;SANTA ANA;20
;SANTA ANA ATEIXTLAHUACA;20
;SANTA ANA CUAUHTEMOC;20
;SANTA ANA DEL VALLE;20
;SANTA ANA TAVELA;20
;SANTA ANA TLAPACOYAN;20
;SANTA ANA YARENI;20
;SANTA ANA ZEGACHE;20
;SANTA CATALINA QUIERI;20
;SANTA CATARINA CUIXTLA;20
;SANTA CATARINA IXTEPEJI;20
;SANTA CATARINA JUQUILA;20
;SANTA CATARINA LACHATAO;20
;SANTA CATARINA LOXICHA;20
;SANTA CATARINA MECHOACAN;20
;SANTA CATARINA MINAS;20
;SANTA CATARINA QUIANE;20
;SANTA CATARINA QUIOQUITANI;20
;SANTA CATARINA TAYATA;20
;SANTA CATARINA TICUA;20
;SANTA CATARINA YOSONOTU;20
;SANTA CATARINA ZAPOQUILA;20
;SANTA CRUZ ACATEPEC;20
;SANTA CRUZ AMILPAS;20
;SANTA CRUZ DE BRAVO;20
;SANTA CRUZ ITUNDUJIA;20
;SANTA CRUZ MIXTEPEC;20
;SANTA CRUZ NUNDACO;20
;SANTA CRUZ PAPALUTLA;20
;SANTA CRUZ TACACHE DE MINA;20
;SANTA CRUZ TACAHUA;20
;SANTA CRUZ TAYATA;20
;SANTA CRUZ XITLA;20
;SANTA CRUZ XOXOCOTLAN;20
;SANTA CRUZ ZENZONTEPEC;20
;SANTA GERTRUDIS;20
;SANTA INES DE ZARAGOZA;20
;SANTA INES DEL MONTE;20
;SANTA INES YATZECHE;20
;SANTA LUCIA DEL CAMINO;20
;SANTA LUCIA MIAHUATLAN;20
;SANTA LUCIA MONTEVERDE;20
;SANTA LUCIA OCOTLAN;20
;SANTA MAGDALENA JICOTLAN;20
;SANTA MARIA ALOTEPEC;20
;SANTA MARIA APAZCO;20
;SANTA MARIA ATZOMPA;20
;SANTA MARIA CAMOTLAN;20
;SANTA MARIA CHACHOAPAM;20
;SANTA MARIA CHILCHOTLA;20
;SANTA MARIA CHIMALAPA;20
;SANTA MARIA COLOTEPEC;20
;SANTA MARIA CORTIJO;20
;SANTA MARIA COYOTEPEC;20
;SANTA MARIA DEL ROSARIO;20
;SANTA MARIA DEL TULE;20
;SANTA MARIA ECATEPEC;20
;SANTA MARIA GUELACE;20
;SANTA MARIA GUIENAGATI;20
;SANTA MARIA HUATULCO;20
;SANTA MARIA HUAZOLOTITLAN;20
;SANTA MARIA IPALAPA;20
;SANTA MARIA IXCATLAN;20
;SANTA MARIA JACATEPEC;20
;SANTA MARIA JALAPA DEL MARQUES;20
;SANTA MARIA JALTIANGUIS;20
;SANTA MARIA LA ASUNCION;20
;SANTA MARIA LACHIXIO;20
;SANTA MARIA MIXTEQUILLA;20
;SANTA MARIA NATIVITAS;20
;SANTA MARIA NDUAYACO;20
;SANTA MARIA OZOLOTEPEC;20
;SANTA MARIA PAPALO;20
;SANTA MARIA PENOLES;20
;SANTA MARIA PETAPA;20
;SANTA MARIA QUIEGOLANI;20
;SANTA MARIA SOLA;20
;SANTA MARIA TATALTEPEC;20
;SANTA MARIA TECOMAVACA;20
;SANTA MARIA TEMAXCALAPA;20
;SANTA MARIA TEMAXCALTEPEC;20
;SANTA MARIA TEOPOXCO;20
;SANTA MARIA TEPANTLALI;20
;SANTA MARIA TEXCATITLAN;20
;SANTA MARIA TLAHUITOLTEPEC;20
;SANTA MARIA TLALIXTAC;20
;SANTA MARIA TONAMECA;20
;SANTA MARIA TOTOLAPILLA;20
;SANTA MARIA XADANI;20
;SANTA MARIA YALINA;20
;SANTA MARIA YAVESIA;20
;SANTA MARIA YOLOTEPEC;20
;SANTA MARIA YOSOYUA;20
;SANTA MARIA YUCUHITI;20
;SANTA MARIA ZACATEPEC;20
;SANTA MARIA ZANIZA;20
;SANTA MARIA ZOQUITLAN;20
;SANTIAGO AMOLTEPEC;20
;SANTIAGO APOALA;20
;SANTIAGO APOSTOL;20
;SANTIAGO ASTATA;20
;SANTIAGO ATITLAN;20
;SANTIAGO AYUQUILILLA;20
;SANTIAGO CACALOXTEPEC;20
;SANTIAGO CAMOTLAN;20
;SANTIAGO CHAZUMBA;20
;SANTIAGO CHOAPAM;20
;SANTIAGO COMALTEPEC;20
;SANTIAGO DEL RIO;20
;SANTIAGO HUAJOLOTITLAN;20
;SANTIAGO HUAUCLILLA;20
;SANTIAGO IHUITLAN PLUMAS;20
;SANTIAGO IXCUINTEPEC;20
;SANTIAGO IXTAYUTLA;20
;SANTIAGO JAMILTEPEC;20
;SANTIAGO JOCOTEPEC;20
;SANTIAGO JUXTLAHUACA;20
;SANTIAGO LACHIGUIRI;20
;SANTIAGO LALOPA;20
;SANTIAGO LAOLLAGA;20
;SANTIAGO LAXOPA;20
;SANTIAGO LLANO GRANDE;20
;SANTIAGO MATATLAN;20
;SANTIAGO MILTEPEC;20
;SANTIAGO MINAS;20
;SANTIAGO NACALTEPEC;20
;SANTIAGO NEJAPILLA;20
;SANTIAGO NILTEPEC;20
;SANTIAGO NUNDICHE;20
;SANTIAGO NUYOO;20
;SANTIAGO PINOTEPA NACIONAL;20
;SANTIAGO SUCHILQUITONGO;20
;SANTIAGO TAMAZOLA;20
;SANTIAGO TAPEXTLA;20
;SANTIAGO TENANGO;20
;SANTIAGO TEPETLAPA;20
;SANTIAGO TETEPEC;20
;SANTIAGO TEXCALCINGO;20
;SANTIAGO TEXTITLAN;20
;SANTIAGO TILANTONGO;20
;SANTIAGO TILLO;20
;SANTIAGO TLAZOYALTEPEC;20
;SANTIAGO XANICA;20
;SANTIAGO XIACUI;20
;SANTIAGO YAITEPEC;20
;SANTIAGO YAVEO;20
;SANTIAGO YOLOMECATL;20
;SANTIAGO YOSONDUA;20
;SANTIAGO YUCUYACHI;20
;SANTIAGO ZACATEPEC;20
;SANTIAGO ZOOCHILA;20
;SANTO DOMINGO ALBARRADAS;20
;SANTO DOMINGO ARMENTA;20
;SANTO DOMINGO CHIHUITAN;20
;SANTO DOMINGO DE MORELOS;20
;SANTO DOMINGO INGENIO;20
;SANTO DOMINGO IXCATLAN;20
;SANTO DOMINGO NUXAA;20
;SANTO DOMINGO OZOLOTEPEC;20
;SANTO DOMINGO PETAPA;20
;SANTO DOMINGO ROAYAGA;20
;SANTO DOMINGO TEHUANTEPEC;20
;SANTO DOMINGO TEOJOMULCO;20
;SANTO DOMINGO TEPUXTEPEC;20
;SANTO DOMINGO TLATAYAPAM;20
;SANTO DOMINGO TOMALTEPEC;20
;SANTO DOMINGO TONALA;20
;SANTO DOMINGO TONALTEPEC;20
;SANTO DOMINGO XAGACIA;20
;SANTO DOMINGO YANHUITLAN;20
;SANTO DOMINGO YODOHINO;20
;SANTO DOMINGO ZANATEPEC;20
;SANTO TOMAS JALIEZA;20
;SANTO TOMAS MAZALTEPEC;20
;SANTO TOMAS OCOTEPEC;20
;SANTO TOMAS TAMAZULAPAN;20
;SANTOS REYES NOPALA;20
;SANTOS REYES PAPALO;20
;SANTOS REYES TEPEJILLO;20
;SANTOS REYES YUCUNA;20
;SILACAYOAPAM;20
;SITIO DE XITLAPEHUA;20
;SOLEDAD ETLA;20
;TAMAZULAPAM DEL ESPIRITU SANTO;20
;TANETZE DE ZARAGOZA;20
;TANICHE;20
;TATALTEPEC DE VALDES;20
;TEOCOCUILCO DE MARCOS PEREZ;20
;TEOTITLAN DE FLORES MAGON;20
;TEOTITLAN DEL VALLE;20
;TEOTONGO;20
;TEPELMEME VILLA DE MORELOS;20
;TLACOLULA DE MATAMOROS;20
;TLACOTEPEC PLUMAS;20
;TLALIXTAC DE CABRERA;20
;TOTONTEPEC VILLA DE MORELOS;20
;TRINIDAD ZAACHILA;20
;UNION HIDALGO;20
;VALERIO TRUJANO;20
;VILLA DE CHILAPA DE DIAZ;20
;VILLA DE ETLA;20
;VILLA DE TAMAZULAPAM DEL PROGRESO;20
;VILLA DE TUTUTEPEC;20
;VILLA DE ZAACHILA;20
;VILLA DIAZ ORDAZ;20
;VILLA HIDALGO;20
;VILLA SOLA DE VEGA;20
;VILLA TALEA DE CASTRO;20
;VILLA TEJUPAM DE LA UNION;20
;YAXE;20
;YOGANA;20
;YUTANDUCHI DE GUERRERO;20
;ZAPOTITLAN LAGUNAS;20
;ZAPOTITLAN PALMAS;20
;ZIMATLAN DE ALVAREZ;20
;ACAJETE;21
;ACATENO;21
;ACATLAN;21
;ACATZINGO;21
;ACTEOPAN;21
;AHUACATLAN;21
;AHUATLAN;21
;AHUAZOTEPEC;21
;AHUEHUETITLA;21
;AJALPAN;21
;ALBINO ZERTUCHE;21
;ALJOJUCA;21
;ALTEPEXI;21
;AMIXTLAN;21
;AMOZOC;21
;AQUIXTLA;21
;ATEMPAN;21
;ATEXCAL;21
;ATLEQUIZAYAN;21
;ATLIXCO;21
;ATOYATEMPAN;21
;ATZALA;21
;ATZITZIHUACAN;21
;ATZITZINTLA;21
;AXUTLA;21
;AYOTOXCO DE GUERRERO;21
;CALPAN;21
;CALTEPEC;21
;CAMOCUAUTLA;21
;CANADA MORELOS;21
;CAXHUACAN;21
;CHALCHICOMULA DE SESMA;21
;CHAPULCO;21
;CHIAUTLA;21
;CHIAUTZINGO;21
;CHICHIQUILA;21
;CHICONCUAUTLA;21
;CHIETLA;21
;CHIGMECATITLAN;21
;CHIGNAHUAPAN;21
;CHIGNAUTLA;21
;CHILA;21
;CHILA DE LA SAL;21
;CHILCHOTLA;21
;CHINANTLA;21
;COATEPEC;21
;COATZINGO;21
;COHETZALA;21
;COHUECAN;21
;CORONANGO;21
;COXCATLAN;21
;COYOMEAPAN;21
;COYOTEPEC;21
;CUAPIAXTLA DE MADERO;21
;CUAUTEMPAN;21
;CUAUTINCHAN;21
;CUAUTLANCINGO;21
;CUAYUCA DE ANDRADE;21
;CUETZALAN DEL PROGRESO;21
;CUYOACO;21
;DOMINGO ARENAS;21
;ELOXOCHITLAN;21
;EPATLAN;21
;ESPERANZA;21
;FRANCISCO Z. MENA;21
;GENERAL FELIPE ANGELES;21
;GUADALUPE;21
;GUADALUPE VICTORIA;21
;HERMENEGILDO GALEANA;21
;HONEY;21
;HUAQUECHULA;21
;HUATLATLAUCA;21
;HUAUCHINANGO;21
;HUEHUETLA;21
;HUEHUETLAN EL CHICO;21
;HUEHUETLAN EL GRANDE;21
;HUEJOTZINGO;21
;HUEYAPAN;21
;HUEYTAMALCO;21
;HUEYTLALPAN;21
;HUITZILAN DE SERDAN;21
;HUITZILTEPEC;21
;IXCAMILPA DE GUERRERO;21
;IXCAQUIXTLA;21
;IXTACAMAXTITLAN;21
;IXTEPEC;21
;IZUCAR DE MATAMOROS;21
;JALPAN;21
;JOLALPAN;21
;JONOTLA;21
;JOPALA;21
;JUAN C. BONILLA;21
;JUAN GALINDO;21
;JUAN N. MENDEZ;21
;LA MAGDALENA TLATLAUQUITEPEC;21
;LAFRAGUA;21
;LIBRES;21
;LOS REYES DE JUAREZ;21
;MAZAPILTEPEC DE JUAREZ;21
;MIXTLA;21
;MOLCAXAC;21
;NAUPAN;21
;NAUZONTLA;21
;NEALTICAN;21
;NICOLAS BRAVO;21
;NOPALUCAN;21
;OCOTEPEC;21
;OCOYUCAN;21
;OLINTLA;21
;ORIENTAL;21
;PAHUATLAN;21
;PALMAR DE BRAVO;21
;PANTEPEC;21
;PETLALCINGO;21
;PIAXTLA;21
;PUEBLA;21
;QUECHOLAC;21
;QUIMIXTLAN;21
;RAFAEL LARA GRAJALES;21
;SAN ANDRES CHOLULA;21
;SAN ANTONIO CANADA;21
;SAN DIEGO LA MESA TOCHIMILTZINGO;21
;SAN FELIPE TEOTLALCINGO;21
;SAN FELIPE TEPATLAN;21
;SAN GABRIEL CHILAC;21
;SAN GREGORIO ATZOMPA;21
;SAN JERONIMO TECUANIPAN;21
;SAN JERONIMO XAYACATLAN;21
;SAN JOSE CHIAPA;21
;SAN JOSE MIAHUATLAN;21
;SAN JUAN ATENCO;21
;SAN JUAN ATZOMPA;21
;SAN MARTIN TEXMELUCAN;21
;SAN MARTIN TOTOLTEPEC;21
;SAN MATIAS TLALANCALECA;21
;SAN MIGUEL IXITLAN;21
;SAN MIGUEL XOXTLA;21
;SAN NICOLAS BUENOS AIRES;21
;SAN NICOLAS DE LOS RANCHOS;21
;SAN PABLO ANICANO;21
;SAN PEDRO CHOLULA;21
;SAN PEDRO YELOIXTLAHUACA;21
;SAN SALVADOR EL SECO;21
;SAN SALVADOR EL VERDE;21
;SAN SALVADOR HUIXCOLOTLA;21
;SAN SEBASTIAN TLACOTEPEC;21
;SANTA CATARINA TLALTEMPAN;21
;SANTA INES AHUATEMPAN;21
;SANTA ISABEL CHOLULA;21
;SANTIAGO MIAHUATLAN;21
;SANTO TOMAS HUEYOTLIPAN;21
;SOLTEPEC;21
;TECALI DE HERRERA;21
;TECAMACHALCO;21
;TECOMATLAN;21
;TEHUACAN;21
;TEHUITZINGO;21
;TENAMPULCO;21
;TEOPANTLAN;21
;TEOTLALCO;21
;TEPANCO DE LOPEZ;21
;TEPANGO DE RODRIGUEZ;21
;TEPATLAXCO DE HIDALGO;21
;TEPEACA;21
;TEPEMAXALCO;21
;TEPEOJUMA;21
;TEPETZINTLA;21
;TEPEXCO;21
;TEPEXI DE RODRIGUEZ;21
;TEPEYAHUALCO;21
;TEPEYAHUALCO DE CUAUHTEMOC;21
;TETELA DE OCAMPO;21
;TETELES DE AVILA CASTILLO;21
;TEZIUTLAN;21
;TIANGUISMANALCO;21
;TILAPA;21
;TLACHICHUCA;21
;TLACOTEPEC DE BENITO JUAREZ;21
;TLACUILOTEPEC;21
;TLAHUAPAN;21
;TLALTENANGO;21
;TLANEPANTLA;21
;TLAOLA;21
;TLAPACOYA;21
;TLAPANALA;21
;TLATLAUQUITEPEC;21
;TLAXCO;21
;TOCHIMILCO;21
;TOCHTEPEC;21
;TOTOLTEPEC DE GUERRERO;21
;TULCINGO;21
;TUZAMAPAN DE GALEANA;21
;TZICATLACOYAN;21
;VENUSTIANO CARRANZA;21
;VICENTE GUERRERO;21
;XAYACATLAN DE BRAVO;21
;XICOTEPEC;21
;XICOTLAN;21
;XIUTETELCO;21
;XOCHIAPULCO;21
;XOCHILTEPEC;21
;XOCHITLAN DE VICENTE SUAREZ;21
;XOCHITLAN TODOS SANTOS;21
;YAONAHUAC;21
;YEHUALTEPEC;21
;ZACAPALA;21
;ZACAPOAXTLA;21
;ZACATLAN;21
;ZAPOTITLAN;21
;ZAPOTITLAN DE MENDEZ;21
;ZARAGOZA;21
;ZAUTLA;21
;ZIHUATEUTLA;21
;ZINACATEPEC;21
;ZONGOZOTLA;21
;ZOQUIAPAN;21
;ZOQUITLAN;21
;BACALAR;22
;BENITO JUAREZ;22
;COZUMEL;22
;FELIPE CARRILLO PUERTO;22
;ISLA MUJERES;22
;JOSE MARIA MORELOS;22
;LAZARO CARDENAS;22
;OTHON P. BLANCO;22
;PUERTO MORELOS;22
;SOLIDARIDAD;22
;TULUM;22
;AMEALCO DE BONFIL;23
;ARROYO SECO;23
;CADEREYTA DE MONTES;23
;COLON;23
;CORREGIDORA;23
;EL MARQUES;23
;EZEQUIEL MONTES;23
;HUIMILPAN;23
;JALPAN DE SERRA;23
;LANDA DE MATAMOROS;23
;PEDRO ESCOBEDO;23
;PENAMILLER;23
;PINAL DE AMOLES;23
;QUERETARO;23
;SAN JOAQUIN;23
;SAN JUAN DEL RIO;23
;TEQUISQUIAPAN;23
;TOLIMAN;23
;AHOME;24
;ANGOSTURA;24
;BADIRAGUATO;24
;CHOIX;24
;CONCORDIA;24
;COSALA;24
;CULIACAN;24
;EL FUERTE;24
;ELOTA;24
;ESCUINAPA;24
;GUASAVE;24
;MAZATLAN;24
;MOCORITO;24
;NAVOLATO;24
;ROSARIO;24
;SALVADOR ALVARADO;24
;SAN IGNACIO;24
;SINALOA;24
;AHUALULCO;25
;ALAQUINES;25
;AQUISMON;25
;ARMADILLO DE LOS INFANTE;25
;AXTLA DE TERRAZAS;25
;CARDENAS;25
;CATORCE;25
;CEDRAL;25
;CERRITOS;25
;CERRO DE SAN PEDRO;25
;CHARCAS;25
;CIUDAD DEL MAIZ;25
;CIUDAD FERNANDEZ;25
;CIUDAD VALLES;25
;COXCATLAN;25
;EBANO;25
;EL NARANJO;25
;GUADALCAZAR;25
;HUEHUETLAN;25
;LAGUNILLAS;25
;MATEHUALA;25
;MATLAPA;25
;MEXQUITIC DE CARMONA;25
;MOCTEZUMA;25
;RAYON;25
;RIOVERDE;25
;SALINAS;25
;SAN ANTONIO;25
;SAN CIRO DE ACOSTA;25
;SAN LUIS POTOSI;25
;SAN MARTIN CHALCHICUAUTLA;25
;SAN NICOLAS TOLENTINO;25
;SAN VICENTE TANCUAYALAB;25
;SANTA CATARINA;25
;SANTA MARIA DEL RIO;25
;SANTO DOMINGO;25
;SOLEDAD DE GRACIANO SANCHEZ;25
;TAMASOPO;25
;TAMAZUNCHALE;25
;TAMPACAN;25
;TAMPAMOLON CORONA;25
;TAMUIN;25
;TANCANHUITZ;25
;TANLAJAS;25
;TANQUIAN DE ESCOBEDO;25
;TIERRA NUEVA;25
;VANEGAS;25
;VENADO;25
;VILLA DE ARISTA;25
;VILLA DE ARRIAGA;25
;VILLA DE GUADALUPE;25
;VILLA DE LA PAZ;25
;VILLA DE RAMOS;25
;VILLA DE REYES;25
;VILLA HIDALGO;25
;VILLA JUAREZ;25
;XILITLA;25
;ZARAGOZA;25
;ACONCHI;26
;AGUA PRIETA;26
;ALAMOS;26
;ALTAR;26
;ARIVECHI;26
;ARIZPE;26
;ATIL;26
;BACADEHUACHI;26
;BACANORA;26
;BACERAC;26
;BACOACHI;26
;BACUM;26
;BANAMICHI;26
;BAVIACORA;26
;BAVISPE;26
;BENITO JUAREZ;26
;BENJAMIN HILL;26
;CABORCA;26
;CAJEME;26
;CANANEA;26
;CARBO;26
;CUCURPE;26
;CUMPAS;26
;DIVISADEROS;26
;EMPALME;26
;ETCHOJOA;26
;FRONTERAS;26
;GENERAL PLUTARCO ELIAS CALLES;26
;GRANADOS;26
;GUAYMAS;26
;HERMOSILLO;26
;HUACHINERA;26
;HUASABAS;26
;HUATABAMPO;26
;HUEPAC;26
;IMURIS;26
;LA COLORADA;26
;MAGDALENA;26
;MAZATAN;26
;MOCTEZUMA;26
;NACO;26
;NACORI CHICO;26
;NACOZARI DE GARCIA;26
;NAVOJOA;26
;NOGALES;26
;ONAVAS;26
;OPODEPE;26
;OQUITOA;26
;PITIQUITO;26
;PUERTO PENASCO;26
;QUIRIEGO;26
;RAYON;26
;ROSARIO;26
;SAHUARIPA;26
;SAN FELIPE DE JESUS;26
;SAN IGNACIO RIO MUERTO;26
;SAN JAVIER;26
;SAN LUIS RIO COLORADO;26
;SAN MIGUEL DE HORCASITAS;26
;SAN PEDRO DE LA CUEVA;26
;SANTA ANA;26
;SANTA CRUZ;26
;SARIC;26
;SOYOPA;26
;SUAQUI GRANDE;26
;TEPACHE;26
;TRINCHERAS;26
;TUBUTAMA;26
;URES;26
;VILLA HIDALGO;26
;VILLA PESQUEIRA;26
;YECORA;26
;BALANCAN;27
;CARDENAS;27
;CENTLA;27
;CENTRO;27
;COMALCALCO;27
;CUNDUACAN;27
;EMILIANO ZAPATA;27
;HUIMANGUILLO;27
;JALAPA;27
;JALPA DE MENDEZ;27
;JONUTA;27
;MACUSPANA;27
;NACAJUCA;27
;PARAISO;27
;TACOTALPA;27
;TEAPA;27
;TENOSIQUE;27
;ACUAMANALA DE MIGUEL HIDALGO;28
;AMAXAC DE GUERRERO;28
;APETATITLAN DE ANTONIO CARVAJAL;28
;APIZACO;28
;ATLANGATEPEC;28
;ATLTZAYANCA;28
;BENITO JUAREZ;28
;CALPULALPAN;28
;CHIAUTEMPAN;28
;CONTLA DE JUAN CUAMATZI;28
;CUAPIAXTLA;28
;CUAXOMULCO;28
;EL CARMEN TEQUEXQUITLA;28
;EMILIANO ZAPATA;28
;ESPANITA;28
;HUAMANTLA;28
;HUEYOTLIPAN;28
;IXTACUIXTLA DE MARIANO MATAMOROS;28
;IXTENCO;28
;LA MAGDALENA TLALTELULCO;28
;LAZARO CARDENAS;28
;MAZATECOCHCO DE JOSE MARIA MORELOS;28
;MUNOZ DE DOMINGO ARENAS;28
;NANACAMILPA DE MARIANO ARISTA;28
;NATIVITAS;28
;PANOTLA;28
;PAPALOTLA DE XICOHTENCATL;28
;SAN DAMIAN TEXOLOC;28
;SAN FRANCISCO TETLANOHCAN;28
;SAN JERONIMO ZACUALPAN;28
;SAN JOSE TEACALCO;28
;SAN JUAN HUACTZINCO;28
;SAN LORENZO AXOCOMANITLA;28
;SAN LUCAS TECOPILCO;28
;SAN PABLO DEL MONTE;28
;SANCTORUM DE LAZARO CARDENAS;28
;SANTA ANA NOPALUCAN;28
;SANTA APOLONIA TEACALCO;28
;SANTA CATARINA AYOMETLA;28
;SANTA CRUZ QUILEHTLA;28
;SANTA CRUZ TLAXCALA;28
;SANTA ISABEL XILOXOXTLA;28
;TENANCINGO;28
;TEOLOCHOLCO;28
;TEPETITLA DE LARDIZABAL;28
;TEPEYANCO;28
;TERRENATE;28
;TETLA DE LA SOLIDARIDAD;28
;TETLATLAHUCA;28
;TLAXCALA;28
;TLAXCO;28
;TOCATLAN;28
;TOTOLAC;28
;TZOMPANTEPEC;28
;XALOZTOC;28
;XALTOCAN;28
;XICOHTZINCO;28
;YAUHQUEMEHCAN;28
;ZACATELCO;28
;ZILTLALTEPEC DE TRINIDAD SANCHEZ SANTOS;28
;ABASOLO;29
;ALDAMA;29
;ALTAMIRA;29
;ANTIGUO MORELOS;29
;BURGOS;29
;BUSTAMANTE;29
;CAMARGO;29
;CASAS;29
;CIUDAD MADERO;29
;CRUILLAS;29
;EL MANTE;29
;GOMEZ FARIAS;29
;GONZALEZ;29
;GUEMEZ;29
;GUERRERO;29
;GUSTAVO DIAZ ORDAZ;29
;HIDALGO;29
;JAUMAVE;29
;JIMENEZ;29
;LLERA;29
;MAINERO;29
;MATAMOROS;29
;MENDEZ;29
;MIER;29
;MIGUEL ALEMAN;29
;MIQUIHUANA;29
;NUEVO LAREDO;29
;NUEVO MORELOS;29
;OCAMPO;29
;PADILLA;29
;PALMILLAS;29
;REYNOSA;29
;RIO BRAVO;29
;SAN CARLOS;29
;SAN FERNANDO;29
;SAN NICOLAS;29
;SOTO LA MARINA;29
;TAMPICO;29
;TULA;29
;VALLE HERMOSO;29
;VICTORIA;29
;VILLAGRAN;29
;XICOTENCATL;29
;ACAJETE;30
;ACATLAN;30
;ACAYUCAN;30
;ACTOPAN;30
;ACULA;30
;ACULTZINGO;30
;AGUA DULCE;30
;ALAMO TEMAPACHE;30
;ALPATLAHUAC;30
;ALTO LUCERO DE GUTIERREZ BARRIOS;30
;ALTOTONGA;30
;ALVARADO;30
;AMATITLAN;30
;AMATLAN DE LOS REYES;30
;ANGEL R. CABADA;30
;APAZAPAN;30
;AQUILA;30
;ASTACINGA;30
;ATLAHUILCO;30
;ATOYAC;30
;ATZACAN;30
;ATZALAN;30
;AYAHUALULCO;30
;BANDERILLA;30
;BENITO JUAREZ;30
;BOCA DEL RIO;30
;CALCAHUALCO;30
;CAMARON DE TEJEDA;30
;CAMERINO Z. MENDOZA;30
;CARLOS A. CARRILLO;30
;CARRILLO PUERTO;30
;CASTILLO DE TEAYO;30
;CATEMACO;30
;CAZONES DE HERRERA;30
;CERRO AZUL;30
;CHACALTIANGUIS;30
;CHALMA;30
;CHICONAMEL;30
;CHICONQUIACO;30
;CHICONTEPEC;30
;CHINAMECA;30
;CHINAMPA DE GOROSTIZA;30
;CHOCAMAN;30
;CHONTLA;30
;CHUMATLAN;30
;CITLALTEPETL;30
;COACOATZINTLA;30
;COAHUITLAN;30
;COATEPEC;30
;COATZACOALCOS;30
;COATZINTLA;30
;COETZALA;30
;COLIPA;30
;COMAPA;30
;CORDOBA;30
;COSAMALOAPAN DE CARPIO;30
;COSAUTLAN DE CARVAJAL;30
;COSCOMATEPEC;30
;COSOLEACAQUE;30
;COTAXTLA;30
;COXQUIHUI;30
;COYUTLA;30
;CUICHAPA;30
;CUITLAHUAC;30
;EL HIGO;30
;EMILIANO ZAPATA;30
;ESPINAL;30
;FILOMENO MATA;30
;FORTIN;30
;GUTIERREZ ZAMORA;30
;HIDALGOTITLAN;30
;HUATUSCO;30
;HUAYACOCOTLA;30
;HUEYAPAN DE OCAMPO;30
;HUILOAPAN DE CUAUHTEMOC;30
;IGNACIO DE LA LLAVE;30
;ILAMATLAN;30
;ISLA;30
;IXCATEPEC;30
;IXHUACAN DE LOS REYES;30
;IXHUATLAN DE MADERO;30
;IXHUATLAN DEL CAFE;30
;IXHUATLAN DEL SURESTE;30
;IXHUATLANCILLO;30
;IXMATLAHUACAN;30
;IXTACZOQUITLAN;30
;JALACINGO;30
;JALCOMULCO;30
;JALTIPAN;30
;JAMAPA;30
;JESUS CARRANZA;30
;JILOTEPEC;30
;JOSE AZUETA;30
;JUAN RODRIGUEZ CLARA;30
;JUCHIQUE DE FERRER;30
;LA ANTIGUA;30
;LA PERLA;30
;LANDERO Y COSS;30
;LAS CHOAPAS;30
;LAS MINAS;30
;LAS VIGAS DE RAMIREZ;30
;LERDO DE TEJADA;30
;LOS REYES;30
;MAGDALENA;30
;MALTRATA;30
;MANLIO FABIO ALTAMIRANO;30
;MARIANO ESCOBEDO;30
;MARTINEZ DE LA TORRE;30
;MECATLAN;30
;MECAYAPAN;30
;MEDELLIN DE BRAVO;30
;MIAHUATLAN;30
;MINATITLAN;30
;MISANTLA;30
;MIXTLA DE ALTAMIRANO;30
;MOLOACAN;30
;NANCHITAL DE LAZARO CARDENAS DEL RIO;30
;NAOLINCO;30
;NARANJAL;30
;NARANJOS AMATLAN;30
;NAUTLA;30
;NOGALES;30
;OLUTA;30
;OMEALCA;30
;ORIZABA;30
;OTATITLAN;30
;OTEAPAN;30
;OZULUAMA DE MASCARENAS;30
;PAJAPAN;30
;PANUCO;30
;PAPANTLA;30
;PASO DE OVEJAS;30
;PASO DEL MACHO;30
;PEROTE;30
;PLATON SANCHEZ;30
;PLAYA VICENTE;30
;POZA RICA DE HIDALGO;30
;PUEBLO VIEJO;30
;PUENTE NACIONAL;30
;RAFAEL DELGADO;30
;RAFAEL LUCIO;30
;RIO BLANCO;30
;SALTABARRANCA;30
;SAN ANDRES TENEJAPAN;30
;SAN ANDRES TUXTLA;30
;SAN JUAN EVANGELISTA;30
;SAN RAFAEL;30
;SANTIAGO SOCHIAPAN;30
;SANTIAGO TUXTLA;30
;SAYULA DE ALEMAN;30
;SOCHIAPA;30
;SOCONUSCO;30
;SOLEDAD ATZOMPA;30
;SOLEDAD DE DOBLADO;30
;SOTEAPAN;30
;TAMALIN;30
;TAMIAHUA;30
;TAMPICO ALTO;30
;TANCOCO;30
;TANTIMA;30
;TANTOYUCA;30
;TATAHUICAPAN DE JUAREZ;30
;TATATILA;30
;TECOLUTLA;30
;TEHUIPANGO;30
;TEMPOAL;30
;TENAMPA;30
;TENOCHTITLAN;30
;TEOCELO;30
;TEPATLAXCO;30
;TEPETLAN;30
;TEPETZINTLA;30
;TEQUILA;30
;TEXCATEPEC;30
;TEXHUACAN;30
;TEXISTEPEC;30
;TEZONAPA;30
;TIERRA BLANCA;30
;TIHUATLAN;30
;TLACHICHILCO;30
;TLACOJALPAN;30
;TLACOLULAN;30
;TLACOTALPAN;30
;TLACOTEPEC DE MEJIA;30
;TLALIXCOYAN;30
;TLALNELHUAYOCAN;30
;TLALTETELA;30
;TLAPACOYAN;30
;TLAQUILPA;30
;TLILAPAN;30
;TOMATLAN;30
;TONAYAN;30
;TOTUTLA;30
;TRES VALLES;30
;TUXPAN;30
;TUXTILLA;30
;URSULO GALVAN;30
;UXPANAPA;30
;VEGA DE ALATORRE;30
;VERACRUZ;30
;VILLA ALDAMA;30
;XALAPA;30
;XICO;30
;XOXOCOTLA;30
;YANGA;30
;YECUATLA;30
;ZACUALPAN;30
;ZARAGOZA;30
;ZENTLA;30
;ZONGOLICA;30
;ZONTECOMATLAN DE LOPEZ Y FUENTES;30
;ZOZOCOLCO DE HIDALGO;30
;ABALA;31
;ACANCEH;31
;AKIL;31
;BACA;31
;BOKOBA;31
;BUCTZOTZ;31
;CACALCHEN;31
;CALOTMUL;31
;CANSAHCAB;31
;CANTAMAYEC;31
;CELESTUN;31
;CENOTILLO;31
;CHACSINKIN;31
;CHANKOM;31
;CHAPAB;31
;CHEMAX;31
;CHICHIMILA;31
;CHICXULUB PUEBLO;31
;CHIKINDZONOT;31
;CHOCHOLA;31
;CHUMAYEL;31
;CONKAL;31
;CUNCUNUL;31
;CUZAMA;31
;DZAN;31
;DZEMUL;31
;DZIDZANTUN;31
;DZILAM DE BRAVO;31
;DZILAM GONZALEZ;31
;DZITAS;31
;DZONCAUICH;31
;ESPITA;31
;HALACHO;31
;HOCABA;31
;HOCTUN;31
;HOMUN;31
;HUHI;31
;HUNUCMA;31
;IXIL;31
;IZAMAL;31
;KANASIN;31
;KANTUNIL;31
;KAUA;31
;KINCHIL;31
;KOPOMA;31
;MAMA;31
;MANI;31
;MAXCANU;31
;MAYAPAN;31
;MERIDA;31
;MOCOCHA;31
;MOTUL;31
;MUNA;31
;MUXUPIP;31
;OPICHEN;31
;OXKUTZCAB;31
;PANABA;31
;PETO;31
;PROGRESO;31
;QUINTANA ROO;31
;RIO LAGARTOS;31
;SACALUM;31
;SAMAHIL;31
;SAN FELIPE;31
;SANAHCAT;31
;SANTA ELENA;31
;SEYE;31
;SINANCHE;31
;SOTUTA;31
;SUCILA;31
;SUDZAL;31
;SUMA;31
;TAHDZIU;31
;TAHMEK;31
;TEABO;31
;TECOH;31
;TEKAL DE VENEGAS;31
;TEKANTO;31
;TEKAX;31
;TEKIT;31
;TEKOM;31
;TELCHAC PUEBLO;31
;TELCHAC PUERTO;31
;TEMAX;31
;TEMOZON;31
;TEPAKAN;31
;TETIZ;31
;TEYA;31
;TICUL;31
;TIMUCUY;31
;TINUM;31
;TIXCACALCUPUL;31
;TIXKOKOB;31
;TIXMEHUAC;31
;TIXPEHUAL;31
;TIZIMIN;31
;TUNKAS;31
;TZUCACAB;31
;UAYMA;31
;UCU;31
;UMAN;31
;VALLADOLID;31
;XOCCHEL;31
;YAXCABA;31
;YAXKUKUL;31
;YOBAIN;31
;APOZOL;32
;APULCO;32
;ATOLINGA;32
;BENITO JUAREZ;32
;CALERA;32
;CANITAS DE FELIPE PESCADOR;32
;CHALCHIHUITES;32
;CONCEPCION DEL ORO;32
;CUAUHTEMOC;32
;EL PLATEADO DE JOAQUIN AMARO;32
;EL SALVADOR;32
;FRESNILLO;32
;GENARO CODINA;32
;GENERAL ENRIQUE ESTRADA;32
;GENERAL FRANCISCO R. MURGUIA;32
;GENERAL PANFILO NATERA;32
;GUADALUPE;32
;HUANUSCO;32
;JALPA;32
;JEREZ;32
;JIMENEZ DEL TEUL;32
;JUAN ALDAMA;32
;JUCHIPILA;32
;LORETO;32
;LUIS MOYA;32
;MAZAPIL;32
;MELCHOR OCAMPO;32
;MEZQUITAL DEL ORO;32
;MIGUEL AUZA;32
;MOMAX;32
;MONTE ESCOBEDO;32
;MORELOS;32
;MOYAHUA DE ESTRADA;32
;NOCHISTLAN DE MEJIA;32
;NORIA DE ANGELES;32
;OJOCALIENTE;32
;PANUCO;32
;PINOS;32
;RIO GRANDE;32
;SAIN ALTO;32
;SANTA MARIA DE LA PAZ;32
;SOMBRERETE;32
;SUSTICACAN;32
;TABASCO;32
;TEPECHITLAN;32
;TEPETONGO;32
;TEUL DE GONZALEZ ORTEGA;32
;TLALTENANGO DE SANCHEZ ROMAN;32
;TRANCOSO;32
;TRINIDAD GARCIA DE LA CADENA;32
;VALPARAISO;32
;VETAGRANDE;32
;VILLA DE COS;32
;VILLA GARCIA;32
;VILLA GONZALEZ ORTEGA;32
;VILLA HIDALGO;32
;VILLANUEVA;32
;ZACATECAS;32